Series Name,Series Code,Country Name,Country Code,1990 [YR1990],2000 [YR2000],2007 [YR2007],2008 [YR2008],2009 [YR2009],2010 [YR2010],2011 [YR2011],2012 [YR2012],2013 [YR2013],2014 [YR2014],2015 [YR2015],2016 [YR2016]
Military expenditure (current LCU),MS.MIL.XPND.CN,Afghanistan,AFG,..,..,10970666667,12086666667,12675333333,13849666667,15230500000,12149000000,12027666667,15356000000,12199166667,..
Military expenditure (current LCU),MS.MIL.XPND.CN,Albania,ALB,990000000,6519000000,17619000000,21450000000,17356000000,19321000000,19877000000,19820000000,19022000000,18788000000,16671000000,..
Military expenditure (current LCU),MS.MIL.XPND.CN,Algeria,DZA,8100000000,1.42E+11,2.73E+11,3.34E+11,3.84E+11,4.22E+11,6.31E+11,7.23E+11,8.26E+11,9.56E+11,1.05E+12,..
Military expenditure (current LCU),MS.MIL.XPND.CN,American Samoa,ASM,..,..,..,..,..,..,..,..,..,..,..,..
Military expenditure (current LCU),MS.MIL.XPND.CN,Andorra,ADO,..,..,..,..,..,..,..,..,..,..,..,..
Military expenditure (current LCU),MS.MIL.XPND.CN,Angola,AGO,52.391,5859850000,1.56E+11,2.37E+11,2.63E+11,3.22E+11,3.42E+11,3.96E+11,5.88E+11,6.73E+11,4.33E+11,..
Military expenditure (current LCU),MS.MIL.XPND.CN,Antigua and Barbuda,ATG,..,..,..,..,..,..,..,..,..,..,..,..
Military expenditure (current LCU),MS.MIL.XPND.CN,Argentina,ARG,1000000000,3265000000,7109000000,8769000000,11063000000,13541000000,16654000000,20703000000,28050000000,40209000000,50383600000,..
Military expenditure (current LCU),MS.MIL.XPND.CN,Armenia,ARM,..,36715900000,95819300000,1.21E+11,1.31E+11,1.48E+11,1.46E+11,1.53E+11,1.82E+11,1.90E+11,2.14E+11,..
Military expenditure (current LCU),MS.MIL.XPND.CN,Aruba,ABW,..,..,..,..,..,..,..,..,..,..,..,..
Military expenditure (current LCU),MS.MIL.XPND.CN,Australia,AUS,8588500000,12546000000,20539000000,22214000000,24310500000,25311000000,25785000000,25320000000,25715000000,28603500000,31396000000,..
Military expenditure (current LCU),MS.MIL.XPND.CN,Austria,AUT,1630000000,2090000000,2557100000,2557800000,2400500000,2430000000,2452800000,2480600000,2432000000,2491200000,2287500000,..
Military expenditure (current LCU),MS.MIL.XPND.CN,Azerbaijan,AZE,..,107000000,812300000,1321000000,1183900000,1185200000,2432300000,2550300000,2642000000,2688100000,3050000000,..
Military expenditure (current LCU),MS.MIL.XPND.CN,Bahamas,,,,,,,,,,,,,
Military expenditure (current LCU),MS.MIL.XPND.CN,Bahrain,BHR,90000000,135000000,241600000,270700000,311400000,316900000,388600000,444500000,506700000,554700000,537500000,..
Military expenditure (current LCU),MS.MIL.XPND.CN,Bangladesh,BGD,12894972.66,38626475.42,65669753.05,70657622.22,86905808.54,113154000,133588500,149270500,159954500,184322500,208048000,..
Military expenditure (current LCU),MS.MIL.XPND.CN,Barbados,BRB,..,..,..,..,..,..,..,..,..,..,..,..
Military expenditure (current LCU),MS.MIL.XPND.CN,Belarus,BLR,..,1.23E+11,1.60E+12,1.89E+12,1.89E+12,2.29E+12,3.76E+12,6.81E+12,8.62E+12,1.03E+13,1.15E+13,..
Military expenditure (current LCU),MS.MIL.XPND.CN,Belgium,BEL,3847400000,3463300000,3773000000,4298000000,4046000000,3960000000,3956000000,4023000000,3939000000,3913000000,3758000000,..
Military expenditure (current LCU),MS.MIL.XPND.CN,Belize,BLZ,9537500,14232250,27518150,37435475,34535075,30674500,30832500,30438250,35557750,35520500,39264250,..
Military expenditure (current LCU),MS.MIL.XPND.CN,Benin,BEN,8935000000,10321000000,..,28984000000,..,..,..,39935000000,42489000000,45976000000,53760490000,..
Military expenditure (current LCU),MS.MIL.XPND.CN,Bermuda,BMU,..,..,..,..,..,..,..,..,..,..,..,..
Military expenditure (current LCU),MS.MIL.XPND.CN,Bhutan,BTN,..,..,..,..,..,..,..,..,..,..,..,..
Military expenditure (current LCU),MS.MIL.XPND.CN,Bolivia,BOL,434859676.8,1071270000,1737330000,2368340000,2427360000,2297350000,2799539000,3454102000,3900072000,4324866000,3698754000,..
Military expenditure (current LCU),MS.MIL.XPND.CN,Bosnia and Herzegovina,BIH,..,..,278726000,311492000,341373000,324758000,298100000,300400000,291100000,280653000,286066000,..
Military expenditure (current LCU),MS.MIL.XPND.CN,Botswana,BWA,290700000,942400000,1881250000,2269250000,2362250000,2368750000,2528750000,2540500000,2506750000,3400000000,4075000000,..
Military expenditure (current LCU),MS.MIL.XPND.CN,Brazil,BRA,273000,20753000000,39887000000,44841000000,51283000000,59819000000,61788000000,66379000000,70881000000,76874200000,81873500000,..
Military expenditure (current LCU),MS.MIL.XPND.CN,British Virgin Islands,VGB,..,..,..,..,..,..,..,..,..,..,..,..
Military expenditure (current LCU),MS.MIL.XPND.CN,Brunei Darussalam,BRN,419000000,421000000,487000000,513000000,508750000,532750000,522500000,513900000,515600000,668725000,582992500,..
Military expenditure (current LCU),MS.MIL.XPND.CN,Bulgaria,BGR,1740000,746000000,1475000000,1388000000,1355000000,1320000000,1166000000,1229100000,1325600000,1232000000,1166000000,..
Military expenditure (current LCU),MS.MIL.XPND.CN,Burkina Faso,BFA,22997000000,26100000000,51673000000,52393000000,60125000000,61266000000,65519000000,75419000000,78816000000,1.01E+11,..,..
Military expenditure (current LCU),MS.MIL.XPND.CN,Burundi,BDI,6782100000,30500000000,50100000000,52000000000,..,..,..,85060000000,94642000000,96169000000,1.04E+11,..
Military expenditure (current LCU),MS.MIL.XPND.CN,Cabo Verde,CPV,..,814000000,640000000,809900000,667000000,686000000,774000000,835600000,815200000,835200000,887100000,..
Military expenditure (current LCU),MS.MIL.XPND.CN,Cambodia,KHM,12400000000,3.11E+11,3.21E+11,3.35E+11,5.65E+11,7.02E+11,7.80E+11,8.76E+11,9.81E+11,1.12E+12,..,..
Military expenditure (current LCU),MS.MIL.XPND.CN,Cameroon,CMR,49165000000,87597500000,1.42E+11,1.55E+11,1.62E+11,1.75E+11,1.64E+11,1.81E+11,1.94E+11,1.99E+11,2.09E+11,..
Military expenditure (current LCU),MS.MIL.XPND.CN,Canada,CAN,13318250000,12325500000,18707750000,20638750000,21646000000,19898250000,21169750000,20435500000,19067500000,19748000000,19225500000,..
Military expenditure (current LCU),MS.MIL.XPND.CN,Cayman Islands,CYM,..,..,..,..,..,..,..,..,..,..,..,..
Military expenditure (current LCU),MS.MIL.XPND.CN,Central African Republic,CAF,..,..,9160000000,14111000000,16995100000,25549000000,..,..,..,..,..,..
Military expenditure (current LCU),MS.MIL.XPND.CN,Chad,TCD,9350000000,15200000000,1.87E+11,2.74E+11,3.49E+11,3.05E+11,2.88E+11,..,3.59E+11,1.94E+11,1.31E+11,..
Military expenditure (current LCU),MS.MIL.XPND.CN,Channel Islands,CHI,..,..,..,..,..,..,..,..,..,..,..,..
Military expenditure (current LCU),MS.MIL.XPND.CN,Chile,CHL,3.15E+11,1.14E+12,2.07E+12,2.38E+12,2.11E+12,2.40E+12,2.63E+12,2.66E+12,2.81E+12,2.92E+12,3.02E+12,..
Military expenditure (current LCU),MS.MIL.XPND.CN,China,CHN,48239063000,1.90E+11,5.18E+11,6.00E+11,7.22E+11,7.83E+11,8.91E+11,9.94E+11,1.10E+12,1.23E+12,1.34E+12,..
Military expenditure (current LCU),MS.MIL.XPND.CN,Colombia,COL,4.47E+11,6.32E+12,1.41E+13,1.78E+13,1.95E+13,1.98E+13,1.90E+13,2.10E+13,2.34E+13,2.37E+13,2.70E+13,..
Military expenditure (current LCU),MS.MIL.XPND.CN,Comoros,COM,..,..,..,..,..,..,..,..,..,..,..,..
Military expenditure (current LCU),MS.MIL.XPND.CN,Congo,,,,,,,,,,,,,
Military expenditure (current LCU),MS.MIL.XPND.CN,Congo,,,,,,,,,,,,,
Military expenditure (current LCU),MS.MIL.XPND.CN,Costa Rica,CRI,0,0,0,0,0,0,0,0,0,0,0,..
Military expenditure (current LCU),MS.MIL.XPND.CN,Cote d'Ivoire,CIV,39199000000,..,1.55E+11,1.65E+11,1.98E+11,1.92E+11,1.69E+11,2.08E+11,2.12E+11,2.58E+11,2.75E+11,..
Military expenditure (current LCU),MS.MIL.XPND.CN,Croatia,HRV,..,5461400000,5251100000,6395600000,5966100000,5585300000,5912800000,5588900000,5459300000,5211000000,5179000000,..
Military expenditure (current LCU),MS.MIL.XPND.CN,Cuba,CUB,1380000000,..,1892400000,2021600000,2098900000,2140100000,2128000000,2880000000,2710000000,2852000000,..,..
Military expenditure (current LCU),MS.MIL.XPND.CN,Curacao,CUW,..,..,..,..,..,..,..,..,..,..,..,..
Military expenditure (current LCU),MS.MIL.XPND.CN,Cyprus,CYP,322000000,299000000,295000000,309800000,339300000,360600000,345100000,322600000,289910000,269690000,318900000,..
Military expenditure (current LCU),MS.MIL.XPND.CN,Czech Republic,CZE,..,44669700000,54948800000,49827100000,51823900000,47705700000,43785200000,42007200000,40765300000,41990500000,43738100000,..
Military expenditure (current LCU),MS.MIL.XPND.CN,Denmark,DNK,16399000000,19339000000,22731000000,24410000000,23252000000,25328000000,24259000000,25617000000,23682000000,22769000000,23296000000,..
Military expenditure (current LCU),MS.MIL.XPND.CN,Djibouti,DJI,5530000000,4625200000,6134700000,6446800000,..,..,..,..,..,..,..,..
Military expenditure (current LCU),MS.MIL.XPND.CN,Dominica,DMA,..,..,..,..,..,..,..,..,..,..,..,..
Military expenditure (current LCU),MS.MIL.XPND.CN,Dominican Republic,DOM,407500000,4051400000,9153300000,11629200000,11587400000,13238500000,13326000000,15584300000,16028400000,19058890000,19965258000,..
Military expenditure (current LCU),MS.MIL.XPND.CN,Ecuador,ECU,202000000,266000000,1310000000,1646000000,1949000000,2094000000,2453700000,2589776000,2803725000,2922319000,2697461402,..
Military expenditure (current LCU),MS.MIL.XPND.CN,Egypt,,,,,,,,,,,,,
Military expenditure (current LCU),MS.MIL.XPND.CN,El Salvador,SLV,163886690.4,110370320.3,165600000,173000000,189900000,201000000,220700000,224300000,237500000,233800000,223148000,..
Military expenditure (current LCU),MS.MIL.XPND.CN,Equatorial Guinea,GNQ,..,..,94087000000,1.31E+11,1.76E+11,..,..,..,..,82340000000,..,..
Military expenditure (current LCU),MS.MIL.XPND.CN,Eritrea,ERI,..,2220200000,..,..,..,..,..,..,..,..,..,..
Military expenditure (current LCU),MS.MIL.XPND.CN,Estonia,EST,..,84930000,324600000,345700000,312500000,250700000,280000000,340000000,361000000,386000000,412000000,..
Military expenditure (current LCU),MS.MIL.XPND.CN,Ethiopia,ETH,1625050000,5074500000,3229000000,3726500000,4000000000,4375000000,5618000000,6489500000,6991000000,7744500000,8750000000,..
Military expenditure (current LCU),MS.MIL.XPND.CN,Faroe Islands,FRO,..,..,..,..,..,..,..,..,..,..,..,..
Military expenditure (current LCU),MS.MIL.XPND.CN,Fiji,FJI,45230000,68200000,121700000,85400000,100300000,96700000,109000000,106000000,107000000,81700000,103300000,..
Military expenditure (current LCU),MS.MIL.XPND.CN,Finland,FIN,1377000000,1691200000,2203000000,2468000000,2591000000,2567000000,2697000000,2804000000,2852000000,2713000000,2686000000,..
Military expenditure (current LCU),MS.MIL.XPND.CN,France,FRA,35355000000,36702000000,44273000000,45063000000,48146000000,46648000000,46471000000,46725000000,47010000000,47947500000,45855000000,..
Military expenditure (current LCU),MS.MIL.XPND.CN,French Polynesia,PYF,..,..,..,..,..,..,..,..,..,..,..,..
Military expenditure (current LCU),MS.MIL.XPND.CN,Gabon,GAB,..,65000000000,..,..,..,1.33E+11,1.26E+11,1.42E+11,1.39E+11,1.03E+11,1.01E+11,..
Military expenditure (current LCU),MS.MIL.XPND.CN,Gambia,,,,,,,,,,,,,
Military expenditure (current LCU),MS.MIL.XPND.CN,Georgia,GEO,..,37200000,1556480000,1625200000,1008400000,809500000,790596840.7,812391071.4,678734615.4,733887362.6,742004601.6,..
Military expenditure (current LCU),MS.MIL.XPND.CN,Germany,DEU,34960000000,30554000000,31090000000,32824000000,34171000000,34925000000,34630000000,36168000000,34593000000,34749000000,35517000000,..
Military expenditure (current LCU),MS.MIL.XPND.CN,Ghana,GHA,900600,27726900,117914000,120245000,166648000,175272000,354268000,605660000,498277000,542963000,680984000,..
Military expenditure (current LCU),MS.MIL.XPND.CN,Gibraltar,GIB,..,..,..,..,..,..,..,..,..,..,..,..
Military expenditure (current LCU),MS.MIL.XPND.CN,Greece,GRC,1485530000,4894720000,6234600000,7218700000,7660100000,6163900000,5128000000,4603600000,4259252000,4169100000,4582500000,..
Military expenditure (current LCU),MS.MIL.XPND.CN,Greenland,GRL,..,..,..,..,..,..,..,..,..,..,..,..
Military expenditure (current LCU),MS.MIL.XPND.CN,Grenada,GRD,..,..,..,..,..,..,..,..,..,..,..,..
Military expenditure (current LCU),MS.MIL.XPND.CN,Guam,GUM,..,..,..,..,..,..,..,..,..,..,..,..
Military expenditure (current LCU),MS.MIL.XPND.CN,Guatemala,GTM,504850000,1225400000,1043000000,1258700000,1203100000,1368200000,1537100000,1757600000,1962300000,1899600000,2100253000,..
Military expenditure (current LCU),MS.MIL.XPND.CN,Guinea,GIN,..,80300000000,..,..,..,..,..,1.18E+12,1.33E+12,1.79E+12,..,..
Military expenditure (current LCU),MS.MIL.XPND.CN,Guinea-Bissau,GNB,..,6786100000,..,..,6490000000,8484000000,8267000000,12503700000,10726000000,10615500000,11003242000,..
Military expenditure (current LCU),MS.MIL.XPND.CN,Guyana,GUY,141898000,2296000000,5053000000,6215000000,6333800000,6328000000,6613600000,6854700000,7222369000,8109523000,9322412000,..
Military expenditure (current LCU),MS.MIL.XPND.CN,Haiti,HTI,13352000,0,0,0,0,0,0,0,0,0,0,..
Military expenditure (current LCU),MS.MIL.XPND.CN,Honduras,HND,276000000,778500000,1812500000,2503400000,2962800000,3215700000,3790200000,4141122000,5822894000,6704800000,6991476545,..
Military expenditure (current LCU),MS.MIL.XPND.CN,Hong Kong SAR,,,,,,,,,,,,,
Military expenditure (current LCU),MS.MIL.XPND.CN,Hungary,HUN,53560000000,2.02E+11,3.26E+11,3.21E+11,2.99E+11,2.81E+11,2.96E+11,2.98E+11,2.86E+11,2.81E+11,2.86E+11,..
Military expenditure (current LCU),MS.MIL.XPND.CN,Iceland,ISL,..,..,..,..,2781000000,2431000000,2261000000,2182000000,..,..,..,..
Military expenditure (current LCU),MS.MIL.XPND.CN,India,IND,1.84E+11,6.42E+11,1.17E+12,1.44E+12,1.87E+12,2.11E+12,2.32E+12,2.52E+12,2.78E+12,3.11E+12,3.29E+12,..
Military expenditure (current LCU),MS.MIL.XPND.CN,Indonesia,IDN,2.97E+12,9.51E+12,3.06E+13,3.13E+13,3.43E+13,4.24E+13,5.12E+13,6.13E+13,8.77E+13,8.22E+13,1.02E+14,..
Military expenditure (current LCU),MS.MIL.XPND.CN,Iran,,,,,,,,,,,,,
Military expenditure (current LCU),MS.MIL.XPND.CN,Iraq,IRQ,..,..,2.44E+12,3.43E+12,3.47E+12,4.19E+12,6.91E+12,7.06E+12,9.21E+12,1.11E+13,1.53E+13,..
Military expenditure (current LCU),MS.MIL.XPND.CN,Ireland,IRL,456000000,754000000,1002600000,1080600000,1019100000,962100000,935400000,900900000,900600000,897900000,896900000,..
Military expenditure (current LCU),MS.MIL.XPND.CN,Isle of Man,IMY,..,..,..,..,..,..,..,..,..,..,..,..
Military expenditure (current LCU),MS.MIL.XPND.CN,Israel,ISR,14585497031,38189548630,49275823757,50573653545,54971716825,54437432352,55004923324,56843602598,60927213398,64782075883,62565996272,..
Military expenditure (current LCU),MS.MIL.XPND.CN,Italy,ITA,14464400000,24325100000,26275000000,28156000000,27571000000,27206000000,27429000000,26254000000,25526000000,23796120000,21494168000,..
Military expenditure (current LCU),MS.MIL.XPND.CN,Jamaica,JAM,277375000,1872725000,5778375000,9509175000,10090975000,10077375000,11478550000,12215275000,12874084250,13457520250,13825840250,..
Military expenditure (current LCU),MS.MIL.XPND.CN,Japan,JPN,4.17E+12,4.90E+12,4.77E+12,4.79E+12,4.82E+12,4.80E+12,4.85E+12,4.79E+12,4.78E+12,4.86E+12,4.95E+12,..
Military expenditure (current LCU),MS.MIL.XPND.CN,Jordan,JOR,214000000,375300000,732000000,964000000,1113500000,1106100000,1132300000,1045700000,1025900000,1100500000,1147400000,..
Military expenditure (current LCU),MS.MIL.XPND.CN,Kazakhstan,KAZ,..,20400000000,1.67E+11,1.85E+11,1.88E+11,2.21E+11,2.65E+11,3.25E+11,3.88E+11,4.13E+11,4.22E+11,..
Military expenditure (current LCU),MS.MIL.XPND.CN,Kenya,KEN,5647500000,12613500000,33301000000,40122500000,44715000000,49287000000,57432000000,71011000000,74114000000,72012000000,93690500000,..
Military expenditure (current LCU),MS.MIL.XPND.CN,Kiribati,KIR,..,..,..,..,..,..,..,..,..,..,..,..
Military expenditure (current LCU),MS.MIL.XPND.CN,Korea,,,,,,,,,,,,,
Military expenditure (current LCU),MS.MIL.XPND.CN,Korea,,,,,,,,,,,,,
Military expenditure (current LCU),MS.MIL.XPND.CN,Kosovo,KSV,..,..,..,633000,19599227,29128217,36664707,33770491,36601781,40381716,45070721,..
Military expenditure (current LCU),MS.MIL.XPND.CN,Kuwait,KWT,2585000000,827333333.3,1169750000,1191000000,1211250000,1242500000,1488500000,1663250000,1615875000,1690975000,..,..
Military expenditure (current LCU),MS.MIL.XPND.CN,Kyrgyz Republic,KGZ,..,1881590000,4339000000,5461000000,6391000000,8475000000,9720000000,9958000000,11356000000,13527000000,15182000000,..
Military expenditure (current LCU),MS.MIL.XPND.CN,Lao PDR,LAO,..,1.08E+11,1.43E+11,1.42E+11,1.19E+11,1.27E+11,1.53E+11,1.63E+11,1.78E+11,..,..,..
Military expenditure (current LCU),MS.MIL.XPND.CN,Latvia,LVA,..,60400000,352000000,398000000,261700000,196000000,211700000,199000000,213600000,225700000,257800000,..
Military expenditure (current LCU),MS.MIL.XPND.CN,Lebanon,LBN,1.49E+11,1.40E+12,1.74E+12,1.76E+12,2.15E+12,2.39E+12,2.45E+12,2.65E+12,2.92E+12,3.42E+12,3.38E+12,..
Military expenditure (current LCU),MS.MIL.XPND.CN,Lesotho,LSO,62525000,212050000,280650000,225950000,401650000,517325000,422375000,437100000,462875000,517600000,550200000,..
Military expenditure (current LCU),MS.MIL.XPND.CN,Liberia,LBR,..,..,3486000,3907000,7193000,8458000,13271000,15179000,15111500,14384500,13519500,..
Military expenditure (current LCU),MS.MIL.XPND.CN,Libya,LBY,..,556000000,807000000,1346000000,..,..,..,3769100000,..,4184700000,..,..
Military expenditure (current LCU),MS.MIL.XPND.CN,Liechtenstein,LIE,..,..,..,..,..,..,..,..,..,..,..,..
Military expenditure (current LCU),MS.MIL.XPND.CN,Lithuania,LTU,..,162650602.4,323071130.7,369584105.7,291241890.6,246321825.8,247625115.8,255676552.4,267319277.1,321767840.6,425000000,..
Military expenditure (current LCU),MS.MIL.XPND.CN,Luxembourg,LUX,80100000,139140000,209000000,161602940.1,160496070.6,206984587.7,184847198.6,184847198.6,194809023.7,210305196,273396754.8,..
Military expenditure (current LCU),MS.MIL.XPND.CN,Macao SAR,,,,,,,,,,,,,
Military expenditure (current LCU),MS.MIL.XPND.CN,Macedonia,,,,,,,,,,,,,
Military expenditure (current LCU),MS.MIL.XPND.CN,Madagascar,MDG,11340000000,63900000000,1.54E+11,1.76E+11,1.39E+11,1.19E+11,1.46E+11,1.51E+11,1.59E+11,1.68E+11,1.80E+11,..
Military expenditure (current LCU),MS.MIL.XPND.CN,Malawi,MWI,66345000,698300000,4702500000,6248250000,8300250000,7521975000,8264750000,12339225000,24997500000,22907107553,21042343889,..
Military expenditure (current LCU),MS.MIL.XPND.CN,Malaysia,MYS,3043000000,5826000000,13649000000,14717000000,13974000000,12415000000,14359000000,13922000000,15489000000,16100000000,17763000000,..
Military expenditure (current LCU),MS.MIL.XPND.CN,Maldives,MDV,..,..,..,..,..,..,..,..,..,..,..,..
Military expenditure (current LCU),MS.MIL.XPND.CN,Mali,MLI,14200000000,31100000000,52900000000,64000000000,68200000000,72700000000,76000000000,76000000000,76000000000,1.08E+11,1.83E+11,..
Military expenditure (current LCU),MS.MIL.XPND.CN,Malta,MLT,15658000,25877000,35766000,38252000,42550000,44343000,40207000,38854000,40512000,42597000,50366000,..
Military expenditure (current LCU),MS.MIL.XPND.CN,Marshall Islands,MHL,..,..,..,..,..,..,..,..,..,..,..,..
Military expenditure (current LCU),MS.MIL.XPND.CN,Mauritania,MRT,3239000000,9050000000,..,29376000000,30126000000,..,..,42209000000,43363000000,43848000000,43159000000,..
Military expenditure (current LCU),MS.MIL.XPND.CN,Mauritius,MUS,136500000,245700000,364250000,443300000,489500000,457900000,502700000,500700000,712300000,1006600000,..,..
Military expenditure (current LCU),MS.MIL.XPND.CN,Mexico,MEX,3733000000,31422000000,52235000000,54977000000,65615000000,74517000000,80396000000,91907000000,1.00E+11,1.15E+11,1.23E+11,..
Military expenditure (current LCU),MS.MIL.XPND.CN,Micronesia,,,,,,,,,,,,,
Military expenditure (current LCU),MS.MIL.XPND.CN,Moldova,MDA,..,63300000,275800000,382900000,276700000,226800000,269600000,289100000,336200000,386900000,433800000,..
Military expenditure (current LCU),MS.MIL.XPND.CN,Monaco,MCO,..,..,..,..,..,..,..,..,..,..,..,..
Military expenditure (current LCU),MS.MIL.XPND.CN,Mongolia,MNG,592000000,26126000000,66200000000,77817000000,54109800000,74442500000,1.10E+11,1.60E+11,1.63E+11,1.91E+11,2.01E+11,..
Military expenditure (current LCU),MS.MIL.XPND.CN,Montenegro,MNE,..,..,46900000,58100000,55200000,56700000,57100000,52700000,53200000,52100000,58500000,..
Military expenditure (current LCU),MS.MIL.XPND.CN,Morocco,MAR,8817000000,9129000000,19730000000,22824400000,24615000000,26605000000,27042000000,29360000000,34173000000,34034000000,31913300000,..
Military expenditure (current LCU),MS.MIL.XPND.CN,Mozambique,MOZ,78600000,843000000,1773300000,2034190000,2319870000,3368500000,3455300000,3946700000,4753200000,5447600000,5878300000,..
Military expenditure (current LCU),MS.MIL.XPND.CN,Myanmar,MMR,5159750000,58849750000,..,..,..,..,..,1.90E+12,2.21E+12,2.34E+12,2.55E+12,..
Military expenditure (current LCU),MS.MIL.XPND.CN,Namibia,NAM,..,641225000,1607575000,2199550000,2538000000,2903150000,3220975000,3383850000,3765075000,5925075000,7073500000,..
Military expenditure (current LCU),MS.MIL.XPND.CN,Nauru,NRU,..,..,..,..,..,..,..,..,..,..,..,..
Military expenditure (current LCU),MS.MIL.XPND.CN,Nepal,NPL,1113950000,3651245000,11262350000,13050300000,16261500000,18651000000,21060000000,21869000000,26134700000,31202150000,31997500000,..
Military expenditure (current LCU),MS.MIL.XPND.CN,Netherlands,NLD,6131900000,6481800000,8388000000,8448000000,8733000000,8472000000,8379000000,8066800000,7702000000,7788000000,8000000000,..
Military expenditure (current LCU),MS.MIL.XPND.CN,New Caledonia,NCL,..,..,..,..,..,..,..,..,..,..,..,..
Military expenditure (current LCU),MS.MIL.XPND.CN,New Zealand,NZL,1773000000,1889500000,2332200000,2363500000,2598250000,2679550000,2633000000,2585750000,2602350000,2743200000,2955500000,..
Military expenditure (current LCU),MS.MIL.XPND.CN,Nicaragua,NIC,..,391000000,728200000,826400000,848600000,945500000,1153800000,1651400000,1842640000,2112845000,1952178000,..
Military expenditure (current LCU),MS.MIL.XPND.CN,Niger,NER,..,14300000000,..,24016000000,25026000000,33129000000,39612000000,35633000000,..,..,..,..
Military expenditure (current LCU),MS.MIL.XPND.CN,Nigeria,NGA,2229000000,37490000000,1.22E+11,1.92E+11,2.24E+11,2.99E+11,3.69E+11,3.65E+11,3.81E+11,3.74E+11,3.97E+11,..
Military expenditure (current LCU),MS.MIL.XPND.CN,Northern Mariana Islands,MNP,..,..,..,..,..,..,..,..,..,..,..,..
Military expenditure (current LCU),MS.MIL.XPND.CN,Norway,NOR,21251000000,25722000000,34439000000,35932000000,38960000000,39279000000,40534000000,41560000000,43427000000,46234000000,47550000000,..
Military expenditure (current LCU),MS.MIL.XPND.CN,Oman,OMN,742300000,808600000,1663400000,1775100000,1726400000,1882200000,2563700000,4742500000,4494200000,4210800000,3800000000,..
Military expenditure (current LCU),MS.MIL.XPND.CN,Pakistan,PAK,61000000000,1.60E+11,3.25E+11,3.68E+11,4.31E+11,5.09E+11,6.01E+11,6.99E+11,7.77E+11,8.75E+11,9.77E+11,..
Military expenditure (current LCU),MS.MIL.XPND.CN,Palau,PLW,..,..,..,..,..,..,..,..,..,..,..,..
Military expenditure (current LCU),MS.MIL.XPND.CN,Panama,PAN,73100000,0,0,0,0,0,0,0,0,0,0,..
Military expenditure (current LCU),MS.MIL.XPND.CN,Papua New Guinea,PNG,65600000,93500000,116500000,106200000,143400000,126000000,152200000,230500000,235900000,276600000,276200000,..
Military expenditure (current LCU),MS.MIL.XPND.CN,Paraguay,PRY,1.11E+11,4.06E+11,6.97E+11,7.76E+11,8.82E+11,1.02E+12,1.27E+12,1.50E+12,1.70E+12,1.93E+12,2.40E+12,..
Military expenditure (current LCU),MS.MIL.XPND.CN,Peru,PER,146000000,3182900000,3824800000,4050500000,5189200000,5526700000,5578500000,6273400000,7996300000,8316000000,9679500000,..
Military expenditure (current LCU),MS.MIL.XPND.CN,Philippines,PHL,23131000000,57586000000,92960000000,1.01E+11,1.01E+11,1.10E+11,1.17E+11,1.22E+11,1.43E+11,1.38E+11,1.76E+11,..
Military expenditure (current LCU),MS.MIL.XPND.CN,Poland,POL,1463700000,13673200000,23774300000,22525000000,24661000000,26505000000,28015000000,29266000000,29317000000,32634218000,39427977000,..
Military expenditure (current LCU),MS.MIL.XPND.CN,Portugal,PRT,1333300000,2392500000,3190100000,3285100000,3563000000,3563000000,3528000000,3220000000,3558000000,3099000000,3321940000,..
Military expenditure (current LCU),MS.MIL.XPND.CN,Puerto Rico,PRI,..,..,..,..,..,..,..,..,..,..,..,..
Military expenditure (current LCU),MS.MIL.XPND.CN,Qatar,QAT,2878500000,..,5686500000,8435700000,7092000000,6831400000,..,..,..,..,..,..
Military expenditure (current LCU),MS.MIL.XPND.CN,Romania,ROM,3901000,2031000000,6358200000,7557600000,6785200000,6629800000,7255300000,7293230000,8161767000,9014205000,9938820000,..
Military expenditure (current LCU),MS.MIL.XPND.CN,Russian Federation,RUS,1.23E+11,2.60E+11,1.11E+12,1.40E+12,1.64E+12,1.78E+12,2.06E+12,2.51E+12,2.81E+12,3.25E+12,4.05E+12,..
Military expenditure (current LCU),MS.MIL.XPND.CN,Rwanda,RWA,7963000000,23900000000,30400000000,37000000000,42779333333,43451666667,45253500000,49017000000,53335000000,62006000000,67497500000,..
Military expenditure (current LCU),MS.MIL.XPND.CN,Samoa,WSM,..,..,..,..,..,..,..,..,..,..,..,..
Military expenditure (current LCU),MS.MIL.XPND.CN,San Marino,SMR,..,..,..,..,..,..,..,..,..,..,..,..
Military expenditure (current LCU),MS.MIL.XPND.CN,Sao Tome and Principe,STP,..,..,..,..,..,..,..,..,..,..,..,..
Military expenditure (current LCU),MS.MIL.XPND.CN,Saudi Arabia,SAU,61333000000,74866000000,1.33E+11,1.43E+11,1.55E+11,1.70E+11,1.82E+11,2.12E+11,2.51E+11,3.03E+11,3.27E+11,..
Military expenditure (current LCU),MS.MIL.XPND.CN,Senegal,SEN,32186000000,44400000000,92406500000,97115600000,1.01E+11,96942000000,1.09E+11,1.00E+11,1.17E+11,1.19E+11,1.27E+11,..
Military expenditure (current LCU),MS.MIL.XPND.CN,Serbia,SRB,..,21292000000,56791700000,61944000000,65843000000,67806000000,72377000000,75096000000,78330000000,80746625000,78795998000,..
Military expenditure (current LCU),MS.MIL.XPND.CN,Seychelles,SYC,79200000,59000000,101700000,105210000,117742000,86376000,107872000,136000000,166000000,439000000,241000000,..
Military expenditure (current LCU),MS.MIL.XPND.CN,Sierra Leone,SLE,1876000000,48769000000,86800000000,70500000000,89400000000,99700000000,1.11E+11,1.29E+11,1.37E+11,2.21E+11,1.76E+11,..
Military expenditure (current LCU),MS.MIL.XPND.CN,Singapore,SGP,3266000000,7466000000,9824075000,10546825000,10963750000,11056500000,11222250000,11462000000,11694250000,12249750000,12945500000,..
Military expenditure (current LCU),MS.MIL.XPND.CN,Sint Maarten (Dutch part),SXM,..,..,..,..,..,..,..,..,..,..,..,..
Military expenditure (current LCU),MS.MIL.XPND.CN,Slovak Republic,SVK,..,523100000,933800000,1001000000,972000000,859000000,766000000,794000000,729000000,752000000,877000000,..
Military expenditure (current LCU),MS.MIL.XPND.CN,Slovenia,SVN,..,206630000,506080000,566200000,575060000,582959000,478860000,423000000,381658000,366460000,366965000,..
Military expenditure (current LCU),MS.MIL.XPND.CN,Solomon Islands,SLB,..,..,..,..,..,..,..,..,..,..,..,..
Military expenditure (current LCU),MS.MIL.XPND.CN,Somalia,SOM,..,..,..,..,..,..,..,..,26050000,60258000,46614000,..
Military expenditure (current LCU),MS.MIL.XPND.CN,South Africa,ZAF,11292250000,13128250000,24839750000,27145750000,30443250000,30662500000,33358750000,36859400000,39761550000,42254750000,44148800000,..
Military expenditure (current LCU),MS.MIL.XPND.CN,South Sudan,SSD,..,..,1185400000,1873600000,1403700000,1501000000,3146533333,2915266667,2896850000,3829950000,4028900000,..
Military expenditure (current LCU),MS.MIL.XPND.CN,Spain,ESP,7164790000,11151160000,14660740000,15174310000,14525190000,14882530000,14168010000,14679110000,12986690000,12851631000,12715760000,..
Military expenditure (current LCU),MS.MIL.XPND.CN,Sri Lanka,LKA,7492700000,63308000000,1.17E+11,1.64E+11,1.75E+11,1.73E+11,1.94E+11,1.87E+11,2.17E+11,2.64E+11,2.47E+11,..
Military expenditure (current LCU),MS.MIL.XPND.CN,St. Kitts and Nevis,KNA,..,..,..,..,..,..,..,..,..,..,..,..
Military expenditure (current LCU),MS.MIL.XPND.CN,St. Lucia,LCA,..,..,..,..,..,..,..,..,..,..,..,..
Military expenditure (current LCU),MS.MIL.XPND.CN,St. Martin (French part),MAF,..,..,..,..,..,..,..,..,..,..,..,..
Military expenditure (current LCU),MS.MIL.XPND.CN,St. Vincent and the Grenadines,VCT,..,..,..,..,..,..,..,..,..,..,..,..
Military expenditure (current LCU),MS.MIL.XPND.CN,Sudan,SDN,5300000,1510000000,..,..,..,..,..,..,..,..,..,..
Military expenditure (current LCU),MS.MIL.XPND.CN,Suriname,SUR,..,..,..,..,..,..,..,..,..,..,..,..
Military expenditure (current LCU),MS.MIL.XPND.CN,Swaziland,SWZ,36800000,169825000,435950000,550675000,643250000,747000000,774250000,744150000,830725000,882925000,938136807.8,..
Military expenditure (current LCU),MS.MIL.XPND.CN,Sweden,SWE,36516000000,43882000000,43163000000,39710000000,38751000000,42423000000,41070000000,42301000000,42528000000,44976000000,45354000000,..
Military expenditure (current LCU),MS.MIL.XPND.CN,Switzerland,CHE,5635000000,4729000000,4231000000,4439000000,4413000000,4292000000,4417000000,4306000000,4665000000,4226000000,4590000000,..
Military expenditure (current LCU),MS.MIL.XPND.CN,Syrian Arab Republic,SYR,18429000000,49298000000,82742000000,86827000000,1.01E+11,1.09E+11,1.20E+11,..,..,..,..,..
Military expenditure (current LCU),MS.MIL.XPND.CN,Tajikistan,TJK,..,21496000,..,180000000,196900000,235400000,328900000,361300000,..,514600000,..,..
Military expenditure (current LCU),MS.MIL.XPND.CN,Tanzania,TZA,17000000000,1.08E+11,2.07E+11,2.32E+11,2.90E+11,3.98E+11,4.83E+11,5.69E+11,7.10E+11,8.21E+11,1.02E+12,..
Military expenditure (current LCU),MS.MIL.XPND.CN,Thailand,THA,56646750000,75450675000,1.22E+11,1.49E+11,1.65E+11,1.57E+11,1.68E+11,1.71E+11,1.81E+11,1.86E+11,1.96E+11,..
Military expenditure (current LCU),MS.MIL.XPND.CN,Timor-Leste,TMP,..,..,23735000,23651000,36481000,26389000,20530000,33388000,31683000,29624000,36959000,..
Military expenditure (current LCU),MS.MIL.XPND.CN,Togo,TGO,13817000000,..,..,25529000000,26032000000,28148000000,27849000000,32128000000,35778000000,41076000000,41388000000,..
Military expenditure (current LCU),MS.MIL.XPND.CN,Tonga,TON,..,..,..,..,..,..,..,..,..,..,..,..
Military expenditure (current LCU),MS.MIL.XPND.CN,Trinidad and Tobago,TTO,..,..,789425000,874850000,876150000,912100000,936275000,1085075000,1360529000,1250492250,1621723250,..
Military expenditure (current LCU),MS.MIL.XPND.CN,Tunisia,TUN,217700000,455600000,628700000,713300000,762600000,817600000,1006900000,1064000000,1233700000,1564900000,1921400000,..
Military expenditure (current LCU),MS.MIL.XPND.CN,Turkey,TUR,13866000,6248270000,19959795566,22291540705,25345413766,26960182975,28984811371,32252999769,35438044557,38891046496,41546222289,..
Military expenditure (current LCU),MS.MIL.XPND.CN,Turkmenistan,TKM,..,..,..,..,..,..,..,..,..,..,..,..
Military expenditure (current LCU),MS.MIL.XPND.CN,Turks and Caicos Islands,TCA,..,..,..,..,..,..,..,..,..,..,..,..
Military expenditure (current LCU),MS.MIL.XPND.CN,Tuvalu,TUV,..,..,..,..,..,..,..,..,..,..,..,..
Military expenditure (current LCU),MS.MIL.XPND.CN,Uganda,UGA,45890150000,2.32E+11,4.35E+11,5.37E+11,5.96E+11,1.33E+12,1.53E+12,8.81E+11,7.76E+11,8.47E+11,9.34E+11,..
Military expenditure (current LCU),MS.MIL.XPND.CN,Ukraine,UKR,..,6184000000,20685000000,25340700000,26899000000,29596000000,29358000000,33058000000,35061000000,47943000000,79125000000,..
Military expenditure (current LCU),MS.MIL.XPND.CN,United Arab Emirates,ARE,..,21579000000,31073000000,42497000000,50814000000,64286000000,70445000000,69866000000,86528000000,83568000000,..,..
Military expenditure (current LCU),MS.MIL.XPND.CN,United Kingdom,GBR,21932250000,23301000000,32978000000,35694750000,37176500000,37590000000,37617250000,37030500000,36372250000,35941750000,36296167500,..
Military expenditure (current LCU),MS.MIL.XPND.CN,United States,USA,3.06E+11,3.02E+11,5.57E+11,6.21E+11,6.69E+11,6.98E+11,7.11E+11,6.85E+11,6.40E+11,6.10E+11,5.96E+11,..
Military expenditure (current LCU),MS.MIL.XPND.CN,Uruguay,URY,384000000,6803000000,10106000000,12422000000,14682000000,15807000000,16264000000,18381000000,21885000000,19800700000,26299200000,..
Military expenditure (current LCU),MS.MIL.XPND.CN,Uzbekistan,UZB,..,37497000000,..,..,..,..,..,..,..,..,..,..
Military expenditure (current LCU),MS.MIL.XPND.CN,Vanuatu,VUT,..,..,..,..,..,..,..,..,..,..,..,..
Military expenditure (current LCU),MS.MIL.XPND.CN,Venezuela,,,,,,,,,,,,,
Military expenditure (current LCU),MS.MIL.XPND.CN,Vietnam,VNM,3.32E+12,..,2.87E+13,3.48E+13,4.10E+13,4.97E+13,5.51E+13,7.00E+13,7.80E+13,9.00E+13,9.90E+13,..
Military expenditure (current LCU),MS.MIL.XPND.CN,Virgin Islands (U.S.),VIR,..,..,..,..,..,..,..,..,..,..,..,..
Military expenditure (current LCU),MS.MIL.XPND.CN,West Bank and Gaza,WBG,..,..,..,..,..,..,..,..,..,..,..,..
Military expenditure (current LCU),MS.MIL.XPND.CN,Yemen,,,,,,,,,,,,,
Military expenditure (current LCU),MS.MIL.XPND.CN,Zambia,ZMB,4220000,..,929700000,1041500000,1115000000,1344100000,1502500000,1782500000,2057700000,2729418000,3215100000,..
Military expenditure (current LCU),MS.MIL.XPND.CN,Zimbabwe,ZWE,416300000,346300000,..,..,..,98293000,198438000,318272000,356700000,368100000,376677000,..